Metric,Value
Total Students,1200.0
Average Age,15.928333333333333
Depression Rate (%),2.5833333333333335
Avg Social Media Hours,4.536666666666667
Avg Sleep Hours,6.449416666666667
Avg Stress Level,5.445833333333334
Avg Anxiety Level,5.636666666666667
Avg Addiction Level,5.565
